FID;GMDNR;GMDNAME;AREA_HA
0;1;Aeugst am Albis;791
1;10;Obfelden;754
2;100;Stadel;1289
3;1001;Doppleschwand;695
4;1002;Entlebuch;5690
5;1004;Flühli;10817
6;1005;Hasle (LU);4031
7;1007;Romoos;3739
8;1008;Schüpfheim;3838
9;1009;Werthenstein;1580
10;101;Steinmaur;939
11;1010;Escholzmatt-Marbach;10640
12;102;Weiach;958
13;1021;Aesch (LU);461
14;1022;Altwis;293
15;1023;Ballwil;877
16;1024;Emmen;2037
17;1025;Ermensee;569
18;1026;Eschenbach (LU);1321
19;1030;Hitzkirch;2466
20;1031;Hochdorf;964
21;1032;Hohenrain;2323
22;1033;Inwil;1032
23;1037;Rain;942
24;1039;Römerswil;1660
25;1040;Rothenburg;1549
26;1041;Schongau;1243
27;1051;Adligenswil;699
28;1052;Buchrain;480
29;1053;Dierikon;278
30;1054;Ebikon;968
31;1055;Gisikon;108
32;1056;Greppen;332
33;1057;Honau;125
34;1058;Horw;1286
35;1059;Kriens;2730
36;1061;Luzern;2910
37;1062;Malters;2857
38;1063;Meggen;727
39;1064;Meierskappel;680
40;1065;Root;865
41;1066;Schwarzenberg;3930
42;1067;Udligenswil;622
43;1068;Vitznau;892
44;1069;Weggis;1179
45;1081;Beromünster;4213
46;1082;Büron;537
47;1083;Buttisholz;1671
48;1084;Eich;594
49;1085;Geuensee;647
50;1086;Grosswangen;1970
51;1088;Hildisrieden;704
52;1089;Knutwil;974
53;1091;Mauensee;722
54;1093;Neuenkirch;2548
55;1094;Nottwil;1033
56;1095;Oberkirch;910
57;1097;Rickenbach (LU);1185
58;1098;Ruswil;4525
59;1099;Schenkon;674
60;11;Ottenbach;502
61;1100;Schlierbach;717
62;1102;Sempach;891
63;1103;Sursee;583
64;1104;Triengen;2209
65;1107;Wolhusen;1429
66;111;Bäretswil;2219
67;112;Bubikon;1161
68;1121;Alberswil;354
69;1122;Altbüron;675
70;1123;Altishofen;576
71;1125;Dagmersellen;2387
72;1126;Ebersecken;856
73;1127;Egolzwil;418
74;1128;Ettiswil;1258
75;1129;Fischbach;805
76;113;Dürnten;1022
77;1130;Gettnau;605
78;1131;Grossdietwil;1020
79;1132;Hergiswil bei Willisau;3134
80;1135;Luthern;3776
81;1136;Menznau;3034
82;1137;Nebikon;373
83;1139;Pfaffnau;1768
84;114;Fischenthal;3024
85;1140;Reiden;2703
86;1142;Roggliswil;621
87;1143;Schötz;1527
88;1145;Ufhusen;1221
89;1146;Wauwil;296
90;1147;Wikon;828
91;115;Gossau (ZH);1826
92;1150;Zell (LU);1391
93;1151;Willisau;4117
94;116;Grüningen;879
95;117;Hinwil;2228
96;118;Rüti (ZH);1006
97;119;Seegräben;377
98;12;Rifferswil;651
99;120;Wald (ZH);2527
100;1201;Altdorf (UR);1021
101;1202;Andermatt;6226
102;1203;Attinghausen;4689
103;1204;Bauen;380
104;1205;Bürglen (UR);5306
105;1206;Erstfeld;5909
106;1207;Flüelen;1239
107;1208;Göschenen;10415
108;1209;Gurtnellen;8331
109;121;Wetzikon (ZH);1681
110;1210;Hospental;3517
111;1211;Isenthal;6097
112;1212;Realp;7784
113;1213;Schattdorf;1633
114;1214;Seedorf (UR);1548
115;1215;Seelisberg;1329
116;1216;Silenen;14479
117;1217;Sisikon;1645
118;1218;Spiringen;6468
119;1219;Unterschächen;8028
120;1220;Wassen;9688
121;13;Stallikon;1202
122;1301;Einsiedeln;9893
123;131;Adliswil;777
124;1311;Gersau;1436
125;1321;Feusisberg;1750
126;1322;Freienbach;1379
127;1323;Wollerau;631
128;1331;Küssnacht (SZ);2939
129;1341;Altendorf;2041
130;1342;Galgenen;1327
131;1343;Innerthal;5014
132;1344;Lachen;242
133;1345;Reichenburg;1155
134;1346;Schübelbach;2901
135;1347;Tuggen;1351
136;1348;Vorderthal;2797
137;1349;Wangen (SZ);846
138;135;Kilchberg (ZH);258
139;136;Langnau am Albis;867
140;1361;Alpthal;2288
141;1362;Arth;4204
142;1363;Illgau;1095
143;1364;Ingenbohl;1340
144;1365;Lauerz;919
145;1366;Morschach;2083
146;1367;Muotathal;17214
147;1368;Oberiberg;3317
148;1369;Riemenstalden;1120
149;137;Oberrieden;279
150;1370;Rothenthurm;2275
151;1371;Sattel;1739
152;1372;Schwyz;5318
153;1373;Steinen;1185
154;1374;Steinerberg;692
155;1375;Unteriberg;4643
156;138;Richterswil;753
157;139;Rüschlikon;293
158;14;Wettswil am Albis;377
159;1401;Alpnach;5379
160;1402;Engelberg;7487
161;1403;Giswil;8591
162;1404;Kerns;9258
163;1405;Lungern;4647
164;1406;Sachseln;5389
165;1407;Sarnen;7311
166;141;Thalwil;550
167;1501;Beckenried;2425
168;1502;Buochs;996
169;1503;Dallenwil;1548
170;1504;Emmetten;2492
171;1505;Ennetbürgen;932
172;1506;Ennetmoos;1407
173;1507;Hergiswil (NW);1430
174;1508;Oberdorf (NW);1620
175;1509;Stans;1108
176;151;Erlenbach (ZH);289
177;1510;Stansstad;907
178;1511;Wolfenschiessen;9270
179;152;Herrliberg;899
180;153;Hombrechtikon;1218
181;154;Küsnacht (ZH);1236
182;155;Männedorf;477
183;156;Meilen;1194
184;157;Oetwil am See;611
185;158;Stäfa;859
186;159;Uetikon am See;346
187;160;Zumikon;548
188;161;Zollikon;785
189;1630;Glarus Nord;14700
190;1631;Glarus Süd;43003
191;1632;Glarus;10367
192;1701;Baar;2485
193;1702;Cham;1773
194;1703;Hünenberg;1841
195;1704;Menzingen;2751
196;1705;Neuheim;793
197;1706;Oberägeri;3004
198;1707;Risch;1486
199;1708;Steinhausen;504
200;1709;Unterägeri;2561
201;1710;Walchwil;1355
202;1711;Zug;2162
203;172;Fehraltorf;947
204;173;Hittnau;1295
205;176;Lindau;1199
206;177;Pfäffikon;1952
207;178;Russikon;1421
208;180;Weisslingen;1281
209;181;Wila;919
210;182;Wildberg;1057
211;191;Dübendorf;1362
212;192;Egg;1453
213;193;Fällanden;638
214;194;Greifensee;227
215;195;Maur;1477
216;196;Mönchaltorf;759
217;197;Schwerzenbach;262
218;198;Uster;2849
219;199;Volketswil;1404
220;2;Affoltern am Albis;1059
221;200;Wangen-Brüttisellen;792
222;2008;Châtillon (FR);130
223;2009;Cheiry;645
224;2011;Cugy (FR);988
225;2016;Fétigny;410
226;2022;Gletterens;256
227;2025;Lully (FR);550
228;2027;Ménières;438
229;2029;Montagny (FR);1754
230;2035;Nuvilly;398
231;2038;Prévondavaux;182
232;2041;Saint-Aubin (FR);789
233;2043;Sévaz;250
234;2044;Surpierre;835
235;2045;Vallon;351
236;2050;Les Montets;1029
237;2051;Delley-Portalban;690
238;2053;Belmont-Broye;2579
239;2054;Estavayer;4012
240;2055;Cheyres-Châbles;973
241;2061;Auboranges;193
242;2063;Billens-Hennens;489
243;2066;Chapelle (Glâne);202
244;2067;Le Châtelard;749
245;2068;Châtonnaye;631
246;2072;Ecublens (FR);488
247;2079;Grangettes;331
248;2086;Massonnens;429
249;2087;Mézières (FR);893
250;2089;Montet (Glâne);220
251;2096;Romont (FR);1089
252;2097;Rue;1120
253;2099;Siviriez;2029
254;21;Adlikon;658
255;2102;Ursy;1493
256;211;Altikon;770
257;2111;Villaz-Saint-Pierre;557
258;2113;Vuisternens-devant-Romont;2402
259;2114;Villorsonnens;1548
260;2115;Torny;1018
261;2116;La Folliaz;986
262;2121;Haut-Intyamon;6027
263;2122;Pont-en-Ogoz;1016
264;2123;Botterens;427
265;2124;Broc;1003
266;2125;Bulle;2386
267;2128;Châtel-sur-Montsalvens;203
268;2129;Corbières;963
269;213;Brütten;660
270;2130;Crésuz;179
271;2131;Echarlens;465
272;2134;Grandvillard;2432
273;2135;Gruyères;2844
274;2137;Hauteville;1054
275;2138;Jaun;5521
276;214;Dägerlen;795
277;2140;Marsens;785
278;2143;Morlon;264
279;2145;Le Pâquier (FR);449
280;2147;Pont-la-Ville;435
281;2148;Riaz;776
282;2149;La Roche;2406
283;215;Dättlikon;288
284;2152;Sâles;1882
285;2153;Sorens;871
286;2155;Vaulruz;1010
287;216;Dinhard;707
288;2160;Vuadens;1045
289;2162;Bas-Intyamon;3334
290;2163;Val-de-Charmey;11207
291;2171;Arconciel;616
292;2173;Autigny;622
293;2174;Avry;584
294;2175;Belfaux;888
295;2177;Chénens;394
296;218;Ellikon an der Thur;502
297;2183;Corminboeuf;723
298;2185;Corserey;343
299;2186;Cottens (FR);497
300;2189;Ependes (FR);561
301;219;Elsau;807
302;2194;Ferpicloz;102
303;2196;Fribourg;929
304;2197;Givisiez;346
305;2198;Granges-Paccot;399
306;22;Benken (ZH);566
307;220;Hagenbuch;813
308;2200;Grolley;534
309;2206;Marly;772
310;2208;Matran;291
311;221;Hettlingen;590
312;2211;Neyruz (FR);553
313;2213;Noréaz;691
314;2216;Pierrafortscha;506
315;2217;Ponthaux;591
316;2220;Le Mouret;1856
317;2221;Prez-vers-Noréaz;570
318;2225;Senèdes;51
319;2226;Treyvaux;1140
320;2228;Villars-sur-Glâne;548
321;223;Neftenbach;1507
322;2230;Villarsel-sur-Marly;139
323;2233;Hauterive (FR);1197
324;2234;La Brillaz;1030
325;2235;La Sonnaz;696
326;2236;Gibloux;3606
327;224;Pfungen;499
328;225;Rickenbach (ZH);602
329;2250;Courgevaux;338
330;2254;Courtepin;2187
331;2257;Cressier (FR);417
332;2258;Fräschels;311
333;2259;Galmiz;904
334;226;Schlatt (ZH);897
335;2260;Gempenach;167
336;2261;Greng;96
337;2262;Gurmels;1734
338;2265;Kerzers;1228
339;2266;Kleinbösingen;302
340;227;Seuzach;756
341;2271;Meyriez;34
342;2272;Misery-Courtion;1138
343;2274;Muntelier;110
344;2275;Murten;2470
345;2276;Ried bei Kerzers;755
346;2278;Ulmiz;284
347;228;Turbenthal;2522
348;2284;Mont-Vully;1751
349;2291;Alterswil;1614
350;2292;Brünisried;325
351;2293;Düdingen;3076
352;2294;Giffers;522
353;2295;Bösingen;1432
354;2296;Heitenried;913
355;2299;Plaffeien;6653
356;23;Berg am Irchel;701
357;230;Winterthur;6807
358;2300;Plasselb;1816
359;2301;Rechthalten;730
360;2302;St. Antoni;1679
361;2303;St. Silvester;704
362;2304;St. Ursen;1572
363;2305;Schmitten (FR);1349
364;2306;Tafers;842
365;2307;Tentlingen;361
366;2308;Ueberstorf;1611
367;2309;Wünnewil-Flamatt;1327
368;231;Zell (ZH);1297
369;2321;Attalens;974
370;2323;Bossonnens;412
371;2325;Châtel-Saint-Denis;4793
372;2328;Granges (Veveyse);446
373;2333;Remaufens;591
374;2335;Saint-Martin (FR);978
375;2336;Semsales;2936
376;2337;Le Flon;957
377;2338;La Verrerie;1343
378;2391;Staatswald Galm;257
379;24;Buch am Irchel;1021
380;2401;Egerkingen;695
381;2402;Härkingen;551
382;2403;Kestenholz;859
383;2404;Neuendorf;714
384;2405;Niederbuchsiten;549
385;2406;Oberbuchsiten;939
386;2407;Oensingen;1210
387;2408;Wolfwil;688
388;241;Aesch (ZH);524
389;242;Birmensdorf (ZH);1142
390;2421;Aedermannsdorf;1292
391;2422;Balsthal;1571
392;2423;Gänsbrunnen;1145
393;2424;Herbetswil;1630
394;2425;Holderbank (SO);775
395;2426;Laupersdorf;1550
396;2427;Matzendorf;1127
397;2428;Mümliswil-Ramiswil;3548
398;2429;Welschenrohr;1301
399;243;Dietikon;934
400;244;Geroldswil;193
401;2445;Biezwil;415
402;245;Oberengstringen;215
403;2455;Lüterkofen-Ichertswil;443
404;2456;Lüterswil-Gächliwil;306
405;2457;Messen;1189
406;246;Oetwil an der Limmat;277
407;2461;Schnottwil;717
408;2463;Unterramsern;158
409;2464;Lüsslingen-Nennigkofen;781
410;2465;Buchegg;2259
411;247;Schlieren;659
412;2471;Bättwil;167
413;2472;Büren (SO);623
414;2473;Dornach;579
415;2474;Gempen;599
416;2475;Hochwald;835
417;2476;Hofstetten-Flüh;752
418;2477;Metzerlen-Mariastein;848
419;2478;Nuglar-St. Pantaleon;634
420;2479;Rodersdorf;535
421;248;Uitikon;438
422;2480;Seewen;1631
423;2481;Witterswil;267
424;249;Unterengstringen;334
425;2491;Hauenstein-Ifenthal;535
426;2492;Kienberg;853
427;2493;Lostorf;1325
428;2495;Niedergösgen;432
429;2497;Obergösgen;363
430;2498;Rohr (SO);223
431;2499;Stüsslingen;616
432;25;Dachsen;270
433;250;Urdorf;758
434;2500;Trimbach;760
435;2501;Winznau;394
436;2502;Wisen (SO);479
437;2503;Erlinsbach (SO);887
438;251;Weiningen (ZH);537
439;2511;Aeschi (SO);548
440;2513;Biberist;1225
441;2514;Bolken;212
442;2516;Deitingen;760
443;2517;Derendingen;562
444;2518;Etziken;337
445;2519;Gerlafingen;185
446;2520;Halten;185
447;2523;Horriwil;264
448;2524;Hüniken;102
449;2525;Kriegstetten;114
450;2526;Lohn-Ammannsegg;448
451;2527;Luterbach;452
452;2528;Obergerlafingen;151
453;2529;Oekingen;239
454;2530;Recherswil;336
455;2532;Subingen;627
456;2534;Zuchwil;463
457;2535;Drei Höfe;457
458;2541;Balm bei Günsberg;547
459;2542;Bellach;529
460;2543;Bettlach;1219
461;2544;Feldbrunnen-St. Niklaus;251
462;2545;Flumenthal;311
463;2546;Grenchen;2603
464;2547;Günsberg;526
465;2548;Hubersdorf;135
466;2549;Kammersrohr;95
467;2550;Langendorf;195
468;2551;Lommiswil;576
469;2553;Oberdorf (SO);1191
470;2554;Riedholz;715
471;2555;Rüttenen;877
472;2556;Selzach;1947
473;2571;Boningen;276
474;2572;Däniken;543
475;2573;Dulliken;604
476;2574;Eppenberg-Wöschnau;181
477;2575;Fulenbach;448
478;2576;Gretzenbach;583
479;2578;Gunzgen;393
480;2579;Hägendorf;1394
481;2580;Kappel (SO);510
482;2581;Olten;1149
483;2582;Rickenbach (SO);276
484;2583;Schönenwerd;371
485;2584;Starrkirch-Wil;185
486;2585;Walterswil (SO);448
487;2586;Wangen bei Olten;696
488;26;Dorf;556
489;2601;Solothurn;628
490;261;Zürich;8793
491;2611;Bärschwil;1119
492;2612;Beinwil (SO);2266
493;2613;Breitenbach;680
494;2614;Büsserach;755
495;2615;Erschwil;743
496;2616;Fehren;148
497;2617;Grindel;308
498;2618;Himmelried;603
499;2619;Kleinlützel;1632
500;2620;Meltingen;576
501;2621;Nunningen;1031
502;2622;Zullwil;366
503;27;Feuerthalen;248
504;2701;Basel;2385
505;2702;Bettingen;223
506;2703;Riehen;1087
507;2761;Aesch (BL);740
508;2762;Allschwil;889
509;2763;Arlesheim;693
510;2764;Biel-Benken;412
511;2765;Binningen;446
512;2766;Birsfelden;251
513;2767;Bottmingen;299
514;2768;Ettingen;632
515;2769;Münchenstein;719
516;2770;Muttenz;1665
517;2771;Oberwil (BL);789
518;2772;Pfeffingen;489
519;2773;Reinach (BL);697
520;2774;Schönenbuch;135
521;2775;Therwil;766
522;2781;Blauen;712
523;2782;Brislach;942
524;2783;Burg im Leimental;284
525;2784;Dittingen;675
526;2785;Duggingen;586
527;2786;Grellingen;329
528;2787;Laufen;1140
529;2788;Liesberg;1246
530;2789;Nenzlingen;366
531;2790;Roggenburg;667
532;2791;Röschenz;1007
533;2792;Wahlen;541
534;2793;Zwingen;461
535;28;Flaach;1017
536;2821;Arisdorf;1000
537;2822;Augst;165
538;2823;Bubendorf;1080
539;2824;Frenkendorf;459
540;2825;Füllinsdorf;462
541;2826;Giebenach;134
542;2827;Hersberg;166
543;2828;Lausen;557
544;2829;Liestal;1818
545;2830;Lupsingen;311
546;2831;Pratteln;1071
547;2832;Ramlinsburg;225
548;2833;Seltisberg;356
549;2834;Ziefen;782
550;2841;Anwil;395
551;2842;Böckten;228
552;2843;Buckten;200
553;2844;Buus;885
554;2845;Diepflingen;144
555;2846;Gelterkinden;978
556;2847;Häfelfingen;397
557;2848;Hemmiken;339
558;2849;Itingen;313
559;2850;Känerkinden;148
560;2851;Kilchberg (BL);159
561;2852;Läufelfingen;816
562;2853;Maisprach;508
563;2854;Nusshof;172
564;2855;Oltingen;718
565;2856;Ormalingen;693
566;2857;Rickenbach (BL);290
567;2858;Rothenfluh;1095
568;2859;Rümlingen;228
569;2860;Rünenberg;497
570;2861;Sissach;890
571;2862;Tecknau;234
572;2863;Tenniken;467
573;2864;Thürnen;226
574;2865;Wenslingen;592
575;2866;Wintersingen;695
576;2867;Wittinsburg;320
577;2868;Zeglingen;791
578;2869;Zunzgen;686
579;2881;Arboldswil;347
580;2882;Bennwil;653
581;2883;Bretzwil;733
582;2884;Diegten;964
583;2885;Eptingen;1118
584;2886;Hölstein;603
585;2887;Lampenberg;401
586;2888;Langenbruck;1566
587;2889;Lauwil;730
588;2890;Liedertswil;194
589;2891;Niederdorf;441
590;2892;Oberdorf (BL);621
591;2893;Reigoldswil;925
592;2894;Titterten;371
593;2895;Waldenburg;832
594;29;Flurlingen;242
595;2901;Gächlingen;713
596;2903;Löhningen;683
597;2904;Neunkirch;1792
598;2914;Büttenhardt;400
599;2915;Dörflingen;582
600;2917;Lohn (SH);487
601;2919;Stetten (SH);472
602;292;Stammheim;2395
603;2920;Thayngen;1992
604;293;Wädenswil;3564
605;2931;Bargen (SH);827
606;2932;Beringen;1868
607;2933;Buchberg;586
608;2936;Merishausen;1756
609;2937;Neuhausen am Rheinfall;800
610;2938;Rüdlingen;551
611;2939;Schaffhausen;4185
612;294;Elgg;2439
613;295;Horgen;3083
614;2951;Beggingen;1258
615;2952;Schleitheim;2163
616;2953;Siblingen;942
617;296;Illnau-Effretikon;3291
618;2961;Buch (SH);380
619;2962;Hemishofen;789
620;2963;Ramsen;1350
621;2964;Stein am Rhein;578
622;297;Bauma;2953
623;2971;Hallau;1532
624;2972;Oberhallau;605
625;2973;Trasadingen;414
626;2974;Wilchingen;2110
627;298;Wiesendangen;1917
628;3;Bonstetten;743
629;30;Andelfingen;674
630;3001;Herisau;2520
631;3002;Hundwil;2408
632;3003;Schönengrund;519
633;3004;Schwellbrunn;1742
634;3005;Stein (AR);936
635;3006;Urnäsch;4816
636;3007;Waldstatt;675
637;301;Aarberg;793
638;302;Bargen (BE);786
639;3021;Bühler;560
640;3022;Gais;2121
641;3023;Speicher;818
642;3024;Teufen (AR);1525
643;3025;Trogen;1003
644;303;Grossaffoltern;1508
645;3031;Grub (AR);421
646;3032;Heiden;748
647;3033;Lutzenberg;225
648;3034;Rehetobel;672
649;3035;Reute (AR);499
650;3036;Wald (AR);683
651;3037;Walzenhausen;700
652;3038;Wolfhalden;693
653;304;Kallnach;1798
654;305;Kappelen;1097
655;306;Lyss;1483
656;307;Meikirch;1023
657;309;Radelfingen;1471
658;31;Henggart;303
659;310;Rapperswil (BE);2258
660;3101;Appenzell;1688
661;3102;Gonten;2473
662;3103;Rüte;4082
663;3104;Schlatt-Haslen;1793
664;3105;Schwende;5751
665;311;Schüpfen;1984
666;3111;Oberegg;1461
667;312;Seedorf (BE);2087
668;32;Humlikon;368
669;3201;Häggenschwil;907
670;3202;Muolen;1033
671;3203;St. Gallen;3938
672;3204;Wittenbach;1220
673;321;Aarwangen;990
674;3211;Berg (SG);376
675;3212;Eggersriet;890
676;3213;Goldach;471
677;3214;Mörschwil;984
678;3215;Rorschach;178
679;3216;Rorschacherberg;709
680;3217;Steinach;449
681;3218;Tübach;199
682;3219;Untereggen;713
683;322;Auswil;462
684;323;Bannwil;478
685;3231;Au (SG);465
686;3232;Balgach;652
687;3233;Berneck;562
688;3234;Diepoldsau;1125
689;3235;Rheineck;221
690;3236;St. Margrethen;687
691;3237;Thal;966
692;3238;Widnau;422
693;324;Bleienbach;569
694;325;Busswil bei Melchnau;286
695;3251;Altstätten;3946
696;3252;Eichberg;544
697;3253;Marbach (SG);438
698;3254;Oberriet (SG);3460
699;3255;Rebstein;439
700;3256;Rüthi (SG);933
701;326;Gondiswil;940
702;3271;Buchs (SG);1595
703;3272;Gams;2227
704;3273;Grabs;5465
705;3274;Sennwald;4156
706;3275;Sevelen;3033
707;3276;Wartau;4175
708;329;Langenthal;1723
709;3291;Bad Ragaz;2540
710;3292;Flums;7515
711;3293;Mels;13911
712;3294;Pfäfers;12846
713;3295;Quarten;6176
714;3296;Sargans;946
715;3297;Vilters-Wangs;3272
716;3298;Walenstadt;4568
717;33;Kleinandelfingen;1029
718;331;Lotzwil;622
719;3311;Amden;4302
720;3312;Benken (SG);1649
721;3313;Kaltbrunn;1864
722;3315;Schänis;3990
723;3316;Weesen;540
724;332;Madiswil;2317
725;333;Melchnau;1028
726;3338;Schmerikon;414
727;3339;Uznach;754
728;334;Obersteckholz;391
729;3340;Rapperswil-Jona;2225
730;3341;Gommiswald;3359
731;3342;Eschenbach (SG);5489
732;335;Oeschenbach;392
733;3352;Ebnat-Kappel;4355
734;3359;Wildhaus-Alt St. Johann;8753
735;336;Reisiswil;201
736;3360;Nesslau;9270
737;337;Roggwil (BE);784
738;3372;Hemberg;2019
739;3374;Lichtensteig;282
740;3375;Oberhelfenschwil;1265
741;3378;Neckertal;4900
742;3379;Wattwil;5117
743;338;Rohrbach;408
744;339;Rohrbachgraben;646
745;3392;Kirchberg (SG);4254
746;3393;Lütisburg;1410
747;3394;Mosnang;5051
748;3395;Bütschwil-Ganterschwil;2183
749;34;Laufen-Uhwiesen;628
750;340;Rütschelen;398
751;3401;Degersheim;1448
752;3402;Flawil;1147
753;3405;Jonschwil;1099
754;3407;Oberuzwil;1408
755;3408;Uzwil;1449
756;341;Schwarzhäusern;379
757;342;Thunstetten;966
758;3422;Niederbüren;1584
759;3423;Niederhelfenschwil;1637
760;3424;Oberbüren;1773
761;3426;Zuzwil (SG);897
762;3427;Wil (SG);2082
763;344;Ursenbach;917
764;3441;Andwil (SG);631
765;3442;Gaiserwald;1263
766;3443;Gossau (SG);2751
767;3444;Waldkirch;3134
768;345;Wynau;507
769;35;Marthalen;1413
770;3506;Vaz/Obervaz;4251
771;351;Bern;5162
772;3513;Lantsch/Lenz;2181
773;3514;Schmitten (GR);1135
774;352;Bolligen;1657
775;353;Bremgarten bei Bern;190
776;354;Kirchlindach;1196
777;3542;Albula/Alvra;9393
778;3543;Surses;32377
779;3544;Bergün Filisur;19014
780;355;Köniz;5101
781;3551;Brusio;4630
782;356;Muri bei Bern;763
783;3561;Poschiavo;19101
784;357;Oberbalm;1239
785;3572;Falera;2236
786;3575;Laax;3171
787;358;Stettlen;350
788;3581;Sagogn;692
789;3582;Schluein;479
790;359;Vechigen;2482
791;360;Wohlen bei Bern;3632
792;3603;Vals;17556
793;361;Zollikofen;539
794;3618;Lumnezia;16548
795;3619;Ilanz/Glion;13348
796;362;Ittigen;420
797;363;Ostermundigen;596
798;3633;Fürstenau;132
799;3637;Rothenbrunnen;311
800;3638;Scharans;1429
801;3640;Sils im Domleschg;928
802;3661;Cazis;3118
803;3662;Flerden;609
804;3663;Masein;420
805;3668;Thusis;1677
806;3669;Tschappina;2467
807;3670;Urmein;433
808;3672;Safiental;15142
809;3673;Domleschg;4594
810;3681;Avers;9314
811;3695;Sufers;3462
812;37;Ossingen;1309
813;3701;Andeer;4630
814;3703;Casti-Wergenstein;2562
815;3705;Donat;467
816;3707;Lohn (GR);817
817;3708;Mathon;1513
818;371;Biel/Bienne;2119
819;3711;Rongellen;202
820;3712;Zillis-Reischen;2447
821;3713;Ferrera;7546
822;3714;Rheinwald;13681
823;372;Evilard;370
824;3721;Bonaduz;1440
825;3722;Domat/Ems;2422
826;3723;Rhäzüns;1337
827;3731;Felsberg;1340
828;3732;Flims;5050
829;3733;Tamins;4074
830;3734;Trin;4717
831;3746;Zernez;34404
832;3752;Samnaun;5628
833;3762;Scuol;43861
834;3764;Valsot;15895
835;3781;Bever;4575
836;3782;Celerina/Schlarigna;2402
837;3783;Madulain;1628
838;3784;Pontresina;11818
839;3785;La Punt-Chamues-ch;6328
840;3786;Samedan;11379
841;3787;St. Moritz;2869
842;3788;S-chanf;13803
843;3789;Sils im Engadin/Segl;6358
844;3790;Silvaplana;4477
845;3791;Zuoz;6578
846;3792;Bregaglia;25142
847;38;Rheinau;895
848;3804;Buseno;1115
849;3805;Castaneda;396
850;3808;Rossa;5889
851;381;Arch;638
852;3810;Santa Maria in Calanca;931
853;382;Büetigen;361
854;3821;Lostallo;5087
855;3822;Mesocco;16477
856;3823;Soazza;4642
857;383;Büren an der Aare;1260
858;3831;Cama;1499
859;3832;Grono;3712
860;3834;Roveredo (GR);3880
861;3835;San Vittore;2206
862;3837;Calanca;3772
863;3847;Val Müstair;19865
864;385;Diessbach bei Büren;633
865;3851;Davos;28400
866;386;Dotzigen;423
867;3861;Fideris;2536
868;3862;Furna;3332
869;3863;Jenaz;2591
870;387;Lengnau (BE);741
871;3871;Klosters-Serneus;21980
872;388;Leuzigen;1028
873;3881;Conters im Prättigau;1840
874;3882;Küblis;814
875;389;Meienried;65
876;3891;Luzein;8388
877;39;Thalheim an der Thur;644
878;390;Meinisberg;439
879;3901;Chur;2809
880;391;Oberwil bei Büren;674
881;3911;Churwalden;4853
882;392;Pieterlen;835
883;3921;Arosa;15479
884;3926;Maladers;759
885;393;Rüti bei Büren;650
886;3932;Tschiertschen-Praden;2774
887;394;Wengi;708
888;3941;Haldenstein;1856
889;3945;Trimmis;4287
890;3946;Untervaz;2772
891;3947;Zizers;1101
892;3951;Fläsch;1994
893;3952;Jenins;1054
894;3953;Maienfeld;3233
895;3954;Malans;1140
896;3955;Landquart;1886
897;3961;Grüsch;4330
898;3962;Schiers;6166
899;3972;Seewis im Prättigau;4963
900;3981;Breil/Brigels;9658
901;3982;Disentis/Mustér;9099
902;3983;Medel (Lucmagn);13622
903;3985;Sumvitg;10188
904;3986;Tujetsch;13391
905;3987;Trun;5190
906;3988;Obersaxen Mundaun;7036
907;4;Hausen am Albis;1360
908;40;Trüllikon;956
909;4001;Aarau;1234
910;4002;Biberstein;410
911;4003;Buchs (AG);532
912;4004;Densbüren;1252
913;4005;Erlinsbach (AG);986
914;4006;Gränichen;1723
915;4007;Hirschthal;353
916;4008;Küttigen;1190
917;4009;Muhen;703
918;401;Aefligen;204
919;4010;Oberentfelden;716
920;4012;Suhr;1062
921;4013;Unterentfelden;288
922;402;Alchenstorf;657
923;4021;Baden;1317
924;4022;Bellikon;494
925;4023;Bergdietikon;594
926;4024;Birmenstorf (AG);780
927;4026;Ennetbaden;211
928;4027;Fislisbach;505
929;4028;Freienwil;399
930;4029;Gebenstorf;565
931;403;Bäriswil;273
932;4030;Killwangen;243
933;4031;Künten;489
934;4032;Mägenwil;348
935;4033;Mellingen;487
936;4034;Neuenhof;538
937;4035;Niederrohrdorf;333
938;4037;Oberrohrdorf;430
939;4038;Obersiggenthal;836
940;4039;Remetschwil;388
941;404;Burgdorf;1556
942;4040;Spreitenbach;860
943;4041;Stetten (AG);441
944;4042;Turgi;155
945;4044;Untersiggenthal;828
946;4045;Wettingen;1060
947;4046;Wohlenschwil;439
948;4047;Würenlingen;937
949;4048;Würenlos;903
950;4049;Ehrendingen;729
951;405;Ersigen;1546
952;406;Hasle bei Burgdorf;2189
953;4061;Arni (AG);337
954;4062;Berikon;538
955;4063;Bremgarten (AG);1136
956;4064;Büttikon;282
957;4065;Dottikon;388
958;4066;Eggenwil;246
959;4067;Fischbach-Göslikon;307
960;4068;Hägglingen;775
961;407;Heimiswil;2336
962;4071;Jonen;570
963;4072;Niederwil (AG);615
964;4073;Oberlunkhofen;325
965;4074;Oberwil-Lieli;535
966;4075;Rudolfstetten-Friedlisberg;490
967;4076;Sarmenstorf;830
968;4077;Tägerig;329
969;4078;Uezwil;244
970;4079;Unterlunkhofen;449
971;408;Hellsau;148
972;4080;Villmergen;1194
973;4081;Widen;262
974;4082;Wohlen (AG);1248
975;4083;Zufikon;481
976;4084;Islisberg;166
977;409;Hindelbank;675
978;4091;Auenstein;568
979;4092;Birr;505
980;4093;Birrhard;300
981;4094;Bözen;396
982;4095;Brugg;636
983;4096;Effingen;685
984;4097;Elfingen;422
985;4099;Habsburg;223
986;41;Truttikon;441
987;410;Höchstetten;264
988;4100;Hausen (AG);320
989;4104;Lupfig;845
990;4105;Mandach;554
991;4106;Mönthal;394
992;4107;Mülligen;316
993;411;Kernenried;333
994;4110;Remigen;787
995;4111;Riniken;476
996;4112;Rüfenach;417
997;4114;Schinznach-Bad;190
998;4117;Thalheim (AG);992
999;412;Kirchberg (BE);905
1000;4120;Veltheim (AG);524
1001;4121;Villigen;1121
1002;4122;Villnachern;575
1003;4123;Windisch;491
1004;4124;Bözberg;1550
1005;4125;Schinznach;1224
1006;413;Koppigen;693
1007;4131;Beinwil am See;382
1008;4132;Birrwil;341
1009;4133;Burg (AG);94
1010;4134;Dürrenäsch;591
1011;4135;Gontenschwil;974
1012;4136;Holziken;286
1013;4137;Leimbach (AG);115
1014;4138;Leutwil;375
1015;4139;Menziken;638
1016;414;Krauchthal;1943
1017;4140;Oberkulm;941
1018;4141;Reinach (AG);947
1019;4142;Schlossrued;725
1020;4143;Schmiedrued;865
1021;4144;Schöftland;628
1022;4145;Teufenthal (AG);357
1023;4146;Unterkulm;888
1024;4147;Zetzwil;580
1025;415;Lyssach;605
1026;416;Mötschwil;295
1027;4161;Eiken;708
1028;4163;Frick;996
1029;4164;Gansingen;877
1030;4165;Gipf-Oberfrick;1017
1031;4166;Herznach;627
1032;4167;Hornussen;727
1033;4169;Kaisten;1809
1034;4170;Laufenburg;1447
1035;4172;Münchwilen (AG);246
1036;4173;Oberhof;820
1037;4175;Oeschgen;438
1038;4176;Schwaderloch;277
1039;4177;Sisseln;252
1040;4179;Ueken;510
1041;418;Oberburg;1414
1042;4181;Wittnau;1125
1043;4182;Wölflinswil;951
1044;4183;Zeihen;688
1045;4184;Mettauertal;2159
1046;4191;Ammerswil;319
1047;4192;Boniswil;241
1048;4193;Brunegg;155
1049;4194;Dintikon;372
1050;4195;Egliswil;629
1051;4196;Fahrwangen;401
1052;4197;Hallwil;218
1053;4198;Hendschiken;352
1054;4199;Holderbank (AG);233
1055;420;Rüdtligen-Alchenflüh;272
1056;4200;Hunzenschwil;326
1057;4201;Lenzburg;1131
1058;4202;Meisterschwanden;425
1059;4203;Möriken-Wildegg;661
1060;4204;Niederlenz;331
1061;4205;Othmarsingen;472
1062;4206;Rupperswil;622
1063;4207;Schafisheim;633
1064;4208;Seengen;969
1065;4209;Seon;962
1066;421;Rumendingen;244
1067;4210;Staufen;358
1068;422;Rüti bei Lyssach;129
1069;4221;Abtwil;414
1070;4222;Aristau;864
1071;4223;Auw;856
1072;4224;Beinwil (Freiamt);1131
1073;4226;Besenbüren;238
1074;4227;Bettwil;425
1075;4228;Boswil;1178
1076;4229;Bünzen;578
1077;423;Willadingen;217
1078;4230;Buttwil;457
1079;4231;Dietwil;549
1080;4232;Geltwil;328
1081;4233;Kallern;268
1082;4234;Merenschwand;1351
1083;4235;Mühlau;552
1084;4236;Muri (AG);1234
1085;4237;Oberrüti;538
1086;4238;Rottenschwil;449
1087;4239;Sins;2031
1088;424;Wynigen;2832
1089;4240;Waltenschwil;454
1090;4251;Hellikon;704
1091;4252;Kaiseraugst;490
1092;4253;Magden;1102
1093;4254;Möhlin;1880
1094;4255;Mumpf;314
1095;4256;Obermumpf;502
1096;4257;Olsberg;461
1097;4258;Rheinfelden;1602
1098;4259;Schupfart;705
1099;4260;Stein (AG);283
1100;4261;Wallbach;455
1101;4262;Wegenstetten;712
1102;4263;Zeiningen;1137
1103;4264;Zuzgen;839
1104;4271;Aarburg;441
1105;4273;Bottenwil;510
1106;4274;Brittnau;1367
1107;4275;Kirchleerau;436
1108;4276;Kölliken;889
1109;4277;Moosleerau;381
1110;4279;Murgenthal;1862
1111;4280;Oftringen;1285
1112;4281;Reitnau;802
1113;4282;Rothrist;1185
1114;4283;Safenwil;599
1115;4284;Staffelbach;893
1116;4285;Strengelbach;603
1117;4286;Uerkheim;709
1118;4287;Vordemwald;1014
1119;4288;Wiliberg;117
1120;4289;Zofingen;1108
1121;43;Volken;320
1122;4301;Baldingen;282
1123;4302;Böbikon;260
1124;4303;Böttstein;743
1125;4304;Döttingen;693
1126;4305;Endingen;1191
1127;4306;Fisibach;577
1128;4307;Full-Reuenthal;478
1129;4308;Kaiserstuhl;32
1130;4309;Klingnau;671
1131;431;Corgémont;1766
1132;4310;Koblenz;408
1133;4311;Leibstadt;640
1134;4312;Lengnau (AG);1267
1135;4313;Leuggern;1376
1136;4314;Mellikon;270
1137;4315;Rekingen (AG);310
1138;4316;Rietheim;394
1139;4317;Rümikon;294
1140;4318;Schneisingen;826
1141;4319;Siglistorf;551
1142;432;Cormoret;1348
1143;4320;Tegerfelden;711
1144;4322;Wislikofen;375
1145;4323;Bad Zurzach;652
1146;433;Cortébert;1476
1147;434;Courtelary;2221
1148;435;La Ferrière;1416
1149;437;Mont-Tramelan;464
1150;438;Orvin;2159
1151;4401;Arbon;601
1152;4406;Dozwil;130
1153;441;Renan (BE);1263
1154;4411;Egnach;1843
1155;4416;Hefenhofen;608
1156;442;Romont (BE);702
1157;4421;Horn;172
1158;4426;Kesswil;446
1159;443;Saint-Imier;2087
1160;4431;Roggwil (TG);1203
1161;4436;Romanshorn;873
1162;444;Sonceboz-Sombeval;1496
1163;4441;Salmsach;271
1164;4446;Sommeri;422
1165;445;Sonvilier;2378
1166;4451;Uttwil;436
1167;446;Tramelan;2483
1168;4461;Amriswil;1902
1169;4471;Bischofszell;1158
1170;4476;Erlen;1219
1171;448;Villeret;1624
1172;4486;Hauptwil-Gottshaus;1249
1173;449;Sauge;1346
1174;4495;Hohentannen;801
1175;450;Péry-La Heutte;2378
1176;4501;Kradolf-Schönenberg;1095
1177;4506;Sulgen;912
1178;4511;Zihlschlacht-Sitterdorf;1221
1179;4536;Basadingen-Schlattingen;1563
1180;4545;Diessenhofen;1008
1181;4546;Schlatt (TG);1554
1182;4551;Aadorf;1994
1183;4561;Felben-Wellhausen;738
1184;4566;Frauenfeld;2735
1185;4571;Gachnang;974
1186;4590;Hüttlingen;1160
1187;4591;Matzingen;768
1188;4601;Neunforn;1136
1189;4606;Stettfurt;637
1190;4611;Thundorf;1562
1191;4616;Uesslingen-Buch;1403
1192;4621;Warth-Weiningen;821
1193;4641;Altnau;673
1194;4643;Bottighofen;241
1195;4646;Ermatingen;1046
1196;4651;Gottlieben;31
1197;4656;Güttingen;954
1198;4666;Kemmental;2504
1199;4671;Kreuzlingen;1150
1200;4681;Langrickenbach;1083
1201;4683;Lengwil;889
1202;4691;Münsterlingen;546
1203;4696;Tägerwilen;1156
1204;4701;Wäldi;1221
1205;4711;Affeltrangen;1443
1206;4716;Bettwiesen;385
1207;4721;Bichelsee-Balterswil;1226
1208;4723;Braunau;917
1209;4724;Eschlikon;622
1210;4726;Fischingen;3058
1211;4741;Lommis;861
1212;4746;Münchwilen (TG);781
1213;4751;Rickenbach (TG);158
1214;4756;Schönholzerswilen;1093
1215;4761;Sirnach;1238
1216;4776;Tobel-Tägerschen;711
1217;4781;Wängi;1643
1218;4786;Wilen (TG);225
1219;4791;Wuppenau;1212
1220;4801;Berlingen;358
1221;4806;Eschenz;1200
1222;4811;Herdern;1373
1223;4816;Homburg;2413
1224;4821;Hüttwilen;1766
1225;4826;Mammern;545
1226;4831;Müllheim;874
1227;4841;Pfyn;1314
1228;4846;Raperswilen;769
1229;4851;Salenstein;654
1230;4864;Steckborn;877
1231;4871;Wagenhausen;1182
1232;4881;Amlikon-Bissegg;1446
1233;4891;Berg (TG);1314
1234;4901;Birwinken;1229
1235;491;Brüttelen;661
1236;4911;Bürglen (TG);1171
1237;492;Erlach;349
1238;4921;Bussnang;1888
1239;493;Finsterhennen;357
1240;494;Gals;784
1241;4941;Märstetten;996
1242;4946;Weinfelden;1548
1243;495;Gampelen;1060
1244;4951;Wigoltingen;1713
1245;496;Ins;2387
1246;497;Lüscherz;542
1247;498;Müntschemier;487
1248;499;Siselen;551
1249;5;Hedingen;653
1250;500;Treiten;474
1251;5001;Arbedo-Castione;2139
1252;5002;Bellinzona;16420
1253;5003;Cadenazzo;838
1254;5009;Isone;1283
1255;501;Tschugg;329
1256;5010;Lumino;1010
1257;5017;Sant'Antonino;655
1258;502;Vinelz;456
1259;5048;Acquarossa;6178
1260;5049;Blenio;20200
1261;5050;Serravalle;9680
1262;5061;Airolo;9435
1263;5063;Bedretto;7518
1264;5064;Bodio;648
1265;5071;Dalpe;1455
1266;5072;Faido;13259
1267;5073;Giornico;1952
1268;5076;Personico;3889
1269;5077;Pollegio;596
1270;5078;Prato (Leventina);1682
1271;5079;Quinto;7521
1272;5091;Ascona;495
1273;5095;Brione (Verzasca);4851
1274;5096;Brione sopra Minusio;382
1275;5097;Brissago;1789
1276;51;Bachenbülach;431
1277;5102;Corippo;771
1278;5105;Frasco;2595
1279;5108;Gordola;695
1280;5112;Lavertezzo;5817
1281;5113;Locarno;1869
1282;5115;Losone;926
1283;5117;Mergoscia;1217
1284;5118;Minusio;586
1285;5120;Muralto;59
1286;5121;Orselina;194
1287;5125;Ronco sopra Ascona;500
1288;5129;Sonogno;3754
1289;5131;Tenero-Contra;369
1290;5135;Vogorno;2390
1291;5136;Onsernone;10539
1292;5138;Cugnasco-Gerra;3582
1293;5141;Agno;249
1294;5143;Aranno;259
1295;5144;Arogno;849
1296;5146;Astano;380
1297;5148;Bedano;187
1298;5149;Bedigliora;257
1299;5151;Bioggio;641
1300;5154;Bissone;185
1301;5160;Brusino Arsizio;412
1302;5161;Cademario;396
1303;5162;Cadempino;76
1304;5167;Canobbio;128
1305;5171;Caslano;279
1306;5176;Comano;206
1307;5178;Croglio;439
1308;5180;Cureglia;106
1309;5181;Curio;275
1310;5186;Grancia;61
1311;5187;Gravesano;71
1312;5189;Lamone;186
1313;5192;Lugano;7585
1314;5193;Magliaso;110
1315;5194;Manno;237
1316;5195;Maroggia;99
1317;5196;Massagno;74
1318;5197;Melano;456
1319;5198;Melide;166
1320;5199;Mezzovico-Vira;1113
1321;52;Bassersdorf;903
1322;5200;Miglieglia;510
1323;5202;Monteggio;336
1324;5203;Morcote;279
1325;5205;Muzzano;155
1326;5206;Neggio;89
1327;5207;Novaggio;434
1328;5208;Origlio;208
1329;5210;Paradiso;89
1330;5212;Ponte Capriasca;617
1331;5213;Ponte Tresa;42
1332;5214;Porza;156
1333;5216;Pura;304
1334;5219;Rovio;560
1335;5221;Savosa;74
1336;5222;Sessa;287
1337;5225;Sorengo;85
1338;5226;Capriasca;3638
1339;5227;Torricella-Taverne;525
1340;5230;Vernate;151
1341;5231;Vezia;139
1342;5233;Vico Morcote;197
1343;5236;Collina d'Oro;614
1344;5237;Alto Malcantone;2206
1345;5238;Monteceneri;3608
1346;5242;Balerna;253
1347;5249;Castel San Pietro;1184
1348;5250;Chiasso;535
1349;5251;Coldrerio;246
1350;5254;Mendrisio;3177
1351;5257;Morbio Inferiore;226
1352;5260;Novazzano;523
1353;5263;Riva San Vitale;605
1354;5266;Stabio;615
1355;5268;Vacallo;163
1356;5269;Breggia;2548
1357;5281;Biasca;5909
1358;5287;Riviera;8651
1359;53;Bülach;1609
1360;5304;Bosco/Gurin;2200
1361;5307;Campo (Vallemaggia);4330
1362;5309;Cerentino;2010
1363;5310;Cevio;15131
1364;5315;Linescio;666
1365;5317;Maggia;11115
1366;5323;Lavizzara;18753
1367;5324;Avegno Gordevio;2732
1368;533;Bätterkinden;1019
1369;535;Deisswil bei Münchenbuchsee;216
1370;536;Diemerswil;286
1371;538;Fraubrunnen;3191
1372;5391;Comunanza Cadenazzo/Monteceneri;288
1373;5394;Comunanza Capriasca/Lugano;9
1374;5396;Terre di Pedemonte;1159
1375;5397;Centovalli;5339
1376;5398;Gambarogno;5179
1377;54;Dietlikon;425
1378;540;Jegenstorf;1349
1379;5401;Aigle;1641
1380;5402;Bex;9656
1381;5403;Chessel;355
1382;5404;Corbeyrier;2200
1383;5405;Gryon;1522
1384;5406;Lavey-Morcles;1420
1385;5407;Leysin;1857
1386;5408;Noville;1039
1387;5409;Ollon;5956
1388;541;Iffwil;506
1389;5410;Ormont-Dessous;6411
1390;5411;Ormont-Dessus;6160
1391;5412;Rennaz;219
1392;5413;Roche (VD);645
1393;5414;Villeneuve (VD);3198
1394;5415;Yvorne;1220
1395;5421;Apples;1288
1396;5422;Aubonne;938
1397;5423;Ballens;845
1398;5424;Berolle;961
1399;5425;Bière;2506
1400;5426;Bougy-Villars;177
1401;5427;Féchy;270
1402;5428;Gimel;1888
1403;5429;Longirod;945
1404;543;Mattstetten;379
1405;5430;Marchissy;1198
1406;5431;Mollens (VD);1099
1407;5432;Montherod;496
1408;5434;Saint-George;1232
1409;5435;Saint-Livres;812
1410;5436;Saint-Oyens;306
1411;5437;Saubraz;371
1412;544;Moosseedorf;638
1413;5451;Avenches;1947
1414;5456;Cudrefin;1551
1415;5458;Faoug;348
1416;546;Münchenbuchsee;881
1417;5464;Vully-les-Lacs;2092
1418;5471;Bettens;374
1419;5472;Bournens;391
1420;5473;Boussens;316
1421;5474;La Chaux (Cossonay);674
1422;5475;Chavannes-le-Veyron;264
1423;5476;Chevilly;389
1424;5477;Cossonay;828
1425;5478;Cottens (VD);235
1426;5479;Cuarnens;713
1427;5480;Daillens;552
1428;5481;Dizy;304
1429;5482;Eclépens;580
1430;5483;Ferreyres;316
1431;5484;Gollion;545
1432;5485;Grancy;567
1433;5486;L'Isle;1622
1434;5487;Lussery-Villars;374
1435;5488;Mauraz;50
1436;5489;Mex (VD);283
1437;5490;Moiry;666
1438;5491;Mont-la-Ville;1979
1439;5492;Montricher;2602
1440;5493;Orny;555
1441;5494;Pampigny;1109
1442;5495;Penthalaz;387
1443;5496;Penthaz;384
1444;5497;Pompaples;444
1445;5498;La Sarraz;770
1446;5499;Senarclens;397
1447;55;Eglisau;906
1448;5500;Sévery;238
1449;5501;Sullens;391
1450;5503;Vufflens-la-Ville;538
1451;551;Urtenen-Schönbühl;719
1452;5511;Assens;534
1453;5512;Bercher;427
1454;5513;Bioley-Orjulaz;312
1455;5514;Bottens;688
1456;5515;Bretigny-sur-Morrens;287
1457;5516;Cugy (VD);291
1458;5518;Echallens;666
1459;552;Utzenstorf;1694
1460;5520;Essertines-sur-Yverdon;976
1461;5521;Etagnières;378
1462;5522;Fey;734
1463;5523;Froideville;708
1464;5527;Morrens (VD);367
1465;5529;Oulens-sous-Echallens;587
1466;553;Wiggiswil;144
1467;5530;Pailly;577
1468;5531;Penthéréaz;568
1469;5533;Poliez-Pittet;501
1470;5534;Rueyres;200
1471;5535;Saint-Barthélemy (VD);412
1472;5537;Villars-le-Terroir;709
1473;5539;Vuarrens;897
1474;554;Wiler bei Utzenstorf;382
1475;5540;Montilliez;1186
1476;5541;Goumoëns;1069
1477;5551;Bonvillars;752
1478;5552;Bullet;1682
1479;5553;Champagne;392
1480;5554;Concise;1137
1481;5555;Corcelles-près-Concise;406
1482;5556;Fiez;683
1483;5557;Fontaines-sur-Grandson;786
1484;5559;Giez;476
1485;556;Zielebach;191
1486;5560;Grandevent;344
1487;5561;Grandson;785
1488;5562;Mauborget;552
1489;5563;Mutrux;323
1490;5564;Novalles;206
1491;5565;Onnens (VD);514
1492;5566;Provence;3186
1493;5568;Sainte-Croix;3947
1494;557;Zuzwil (BE);347
1495;5571;Tévenon;1428
1496;5581;Belmont-sur-Lausanne;265
1497;5582;Cheseaux-sur-Lausanne;458
1498;5583;Crissier;550
1499;5584;Epalinges;457
1500;5585;Jouxtens-Mézery;193
1501;5586;Lausanne;4138
1502;5587;Le Mont-sur-Lausanne;980
1503;5588;Paudex;49
1504;5589;Prilly;220
1505;5590;Pully;587
1506;5591;Renens (VD);295
1507;5592;Romanel-sur-Lausanne;288
1508;56;Embrach;1269
1509;5601;Chexbres;215
1510;5604;Forel (Lavaux);1851
1511;5606;Lutry;846
1512;5607;Puidoux;2286
1513;5609;Rivaz;31
1514;561;Adelboden;8762
1515;5610;Saint-Saphorin (Lavaux);89
1516;5611;Savigny;1601
1517;5613;Bourg-en-Lavaux;964
1518;562;Aeschi bei Spiez;3099
1519;5621;Aclens;390
1520;5622;Bremblens;291
1521;5623;Buchillon;210
1522;5624;Bussigny;481
1523;5625;Bussy-Chardonney;307
1524;5627;Chavannes-près-Renens;165
1525;5628;Chigny;89
1526;5629;Clarmont;102
1527;563;Frutigen;7228
1528;5631;Denens;330
1529;5632;Denges;166
1530;5633;Echandens;388
1531;5634;Echichens;1327
1532;5635;Ecublens (VD);572
1533;5636;Etoy;492
1534;5637;Lavigny;400
1535;5638;Lonay;372
1536;5639;Lully (VD);205
1537;564;Kandergrund;3209
1538;5640;Lussy-sur-Morges;234
1539;5642;Morges;383
1540;5643;Préverenges;187
1541;5644;Reverolle;118
1542;5645;Romanel-sur-Morges;176
1543;5646;Saint-Prex;554
1544;5648;Saint-Sulpice (VD);186
1545;5649;Tolochenaz;159
1546;565;Kandersteg;13431
1547;5650;Vaux-sur-Morges;210
1548;5651;Villars-Sainte-Croix;165
1549;5652;Villars-sous-Yens;304
1550;5653;Vufflens-le-Château;214
1551;5654;Vullierens;684
1552;5655;Yens;951
1553;566;Krattigen;600
1554;5661;Boulens;342
1555;5663;Bussy-sur-Moudon;312
1556;5665;Chavannes-sur-Moudon;515
1557;5669;Curtilles;496
1558;567;Reichenbach im Kandertal;12576
1559;5671;Dompierre (VD);321
1560;5673;Hermenches;477
1561;5674;Lovatens;347
1562;5675;Lucens;1928
1563;5678;Moudon;1565
1564;5680;Ogens;340
1565;5683;Prévonloup;184
1566;5684;Rossenges;108
1567;5688;Syens;252
1568;5690;Villars-le-Comte;419
1569;5692;Vucherens;328
1570;5693;Montanaire;3350
1571;57;Freienstein-Teufen;840
1572;5701;Arnex-sur-Nyon;204
1573;5702;Arzier-Le Muids;5190
1574;5703;Bassins;2077
1575;5704;Begnins;479
1576;5705;Bogis-Bossey;245
1577;5706;Borex;199
1578;5707;Chavannes-de-Bogis;286
1579;5708;Chavannes-des-Bois;212
1580;5709;Chéserex;1058
1581;571;Beatenberg;2918
1582;5710;Coinsins;291
1583;5711;Commugny;653
1584;5712;Coppet;187
1585;5713;Crans-près-Céligny;431
1586;5714;Crassier;203
1587;5715;Duillier;411
1588;5716;Eysins;238
1589;5717;Founex;479
1590;5718;Genolier;486
1591;5719;Gingins;1256
1592;572;Bönigen;1508
1593;5720;Givrins;396
1594;5721;Gland;832
1595;5722;Grens;255
1596;5723;Mies;345
1597;5724;Nyon;680
1598;5725;Prangins;607
1599;5726;La Rippe;1659
1600;5727;Saint-Cergue;2428
1601;5728;Signy-Avenex;194
1602;5729;Tannay;181
1603;573;Brienz (BE);4806
1604;5730;Trélex;577
1605;5731;Le Vaud;311
1606;5732;Vich;155
1607;574;Brienzwiler;1764
1608;5741;L'Abergement;579
1609;5742;Agiez;546
1610;5743;Arnex-sur-Orbe;762
1611;5744;Ballaigues;906
1612;5745;Baulmes;2250
1613;5746;Bavois;935
1614;5747;Bofflens;421
1615;5748;Bretonnières;545
1616;5749;Chavornay;1928
1617;575;Därligen;693
1618;5750;Les Clées;704
1619;5752;Croy;448
1620;5754;Juriens;935
1621;5755;Lignerolle;1064
1622;5756;Montcherand;307
1623;5757;Orbe;1205
1624;5758;La Praz;512
1625;5759;Premier;612
1626;576;Grindelwald;17139
1627;5760;Rances;983
1628;5761;Romainmôtier-Envy;698
1629;5762;Sergey;146
1630;5763;Valeyres-sous-Rances;634
1631;5764;Vallorbe;2319
1632;5765;Vaulion;1315
1633;5766;Vuiteboeuf;506
1634;577;Gsteigwiler;703
1635;578;Gündlischwand;1670
1636;5785;Corcelles-le-Jorat;794
1637;5788;Essertes;166
1638;579;Habkern;5103
1639;5790;Maracon;438
1640;5792;Montpreveyres;412
1641;5798;Ropraz;481
1642;5799;Servion;632
1643;58;Glattfelden;1229
1644;580;Hofstetten bei Brienz;877
1645;5803;Vulliens;663
1646;5804;Jorat-Menthue;1765
1647;5805;Oron;2462
1648;5806;Jorat-Mézières;1108
1649;581;Interlaken;427
1650;5812;Champtauroz;305
1651;5813;Chevroux;340
1652;5816;Corcelles-près-Payerne;1211
1653;5817;Grandcour;1020
1654;5819;Henniez;261
1655;582;Iseltwald;2191
1656;5821;Missy;311
1657;5822;Payerne;2418
1658;5827;Trey;379
1659;5828;Treytorrens (Payerne);307
1660;5830;Villarzel;766
1661;5831;Valbroye;3355
1662;584;Lauterbrunnen;16467
1663;5841;Château-d'Oex;11366
1664;5842;Rossinière;2336
1665;5843;Rougemont;4854
1666;585;Leissigen;1038
1667;5851;Allaman;260
1668;5852;Bursinel;178
1669;5853;Bursins;337
1670;5854;Burtigny;568
1671;5855;Dully;165
1672;5856;Essertines-sur-Rolle;695
1673;5857;Gilly;776
1674;5858;Luins;267
1675;5859;Mont-sur-Rolle;386
1676;586;Lütschental;1224
1677;5860;Perroy;291
1678;5861;Rolle;274
1679;5862;Tartegnin;109
1680;5863;Vinzel;110
1681;587;Matten bei Interlaken;591
1682;5871;L'Abbaye;3188
1683;5872;Le Chenit;9919
1684;5873;Le Lieu;3254
1685;588;Niederried bei Interlaken;413
1686;5881;Blonay;1607
1687;5882;Chardonne;1031
1688;5883;Corseaux;107
1689;5884;Corsier-sur-Vevey;674
1690;5885;Jongny;216
1691;5886;Montreux;3341
1692;5888;Saint-Légier-La Chiésaz;1517
1693;5889;La Tour-de-Peilz;326
1694;589;Oberried am Brienzersee;2014
1695;5890;Vevey;240
1696;5891;Veytaux;677
1697;59;Hochfelden;617
1698;590;Ringgenberg (BE);888
1699;5902;Belmont-sur-Yverdon;646
1700;5903;Bioley-Magnoux;429
1701;5904;Chamblon;286
1702;5905;Champvent;903
1703;5907;Chavannes-le-Chêne;400
1704;5908;Chêne-Pâquier;211
1705;5909;Cheseaux-Noréaz;590
1706;591;Saxeten;1938
1707;5910;Cronay;658
1708;5911;Cuarny;456
1709;5912;Démoret;428
1710;5913;Donneloye;901
1711;5914;Ependes (VD);481
1712;5919;Mathod;659
1713;592;Schwanden bei Brienz;706
1714;5921;Molondin;549
1715;5922;Montagny-près-Yverdon;352
1716;5923;Oppens;359
1717;5924;Orges;402
1718;5925;Orzens;420
1719;5926;Pomy;562
1720;5928;Rovray;320
1721;5929;Suchy;664
1722;593;Unterseen;1399
1723;5930;Suscévaz;416
1724;5931;Treycovagnes;208
1725;5932;Ursins;336
1726;5933;Valeyres-sous-Montagny;228
1727;5934;Valeyres-sous-Ursins;287
1728;5935;Villars-Epeney;86
1729;5937;Vugelles-La Mothe;307
1730;5938;Yverdon-les-Bains;1354
1731;5939;Yvonand;1340
1732;594;Wilderswil;1319
1733;6;Kappel am Albis;792
1734;60;Höri;479
1735;6002;Brig-Glis;3766
1736;6004;Eggerberg;605
1737;6007;Naters;14722
1738;6008;Ried-Brig;4757
1739;6009;Simplon;9101
1740;6010;Termen;1865
1741;6011;Zwischbergen;8603
1742;602;Arni (BE);1043
1743;6021;Ardon;2039
1744;6022;Chamoson;3247
1745;6023;Conthey;8495
1746;6024;Nendaz;8596
1747;6025;Vétroz;1043
1748;603;Biglen;359
1749;6031;Bagnes;28410
1750;6032;Bourg-Saint-Pierre;8980
1751;6033;Liddes;5865
1752;6034;Orsières;16493
1753;6035;Sembrancher;1768
1754;6036;Vollèges;1781
1755;605;Bowil;1468
1756;6052;Bellwald;1396
1757;6054;Binn;6509
1758;6056;Ernen;3537
1759;6057;Fiesch;1104
1760;6058;Fieschertal;17281
1761;606;Brenzikofen;219
1762;6061;Lax;541
1763;607;Freimettigen;296
1764;6076;Obergoms;15593
1765;6077;Goms;12959
1766;608;Grosshöchstetten;693
1767;6082;Ayent;5527
1768;6083;Evolène;20984
1769;6084;Hérémence;10746
1770;6087;Saint-Martin (VS);3700
1771;6089;Vex;1305
1772;609;Häutligen;307
1773;6090;Mont-Noble;4345
1774;61;Hüntwangen;491
1775;610;Herbligen;276
1776;6101;Agarn;765
1777;6102;Albinen;1556
1778;6104;Ergisch;2953
1779;6109;Inden;974
1780;611;Kiesen;469
1781;6110;Leuk;5515
1782;6111;Leukerbad;6732
1783;6112;Oberems;5026
1784;6113;Salgesch;1136
1785;6116;Varen;1281
1786;6117;Guttet-Feschel;1043
1787;6118;Gampel-Bratsch;2304
1788;6119;Turtmann-Unterems;4242
1789;612;Konolfingen;1277
1790;613;Landiswil;1026
1791;6131;Bovernier;1307
1792;6132;Charrat;759
1793;6133;Fully;3781
1794;6134;Isérables;1525
1795;6135;Leytron;2682
1796;6136;Martigny;2500
1797;6137;Martigny-Combe;3741
1798;6139;Riddes;2390
1799;614;Linden;1323
1800;6140;Saillon;1374
1801;6141;Saxon;2322
1802;6142;Trient;3956
1803;615;Mirchel;234
1804;6151;Champéry;3885
1805;6152;Collombey-Muraz;2975
1806;6153;Monthey;2870
1807;6154;Port-Valais;1435
1808;6155;Saint-Gingolph;1445
1809;6156;Troistorrents;3696
1810;6157;Val-d'Illiez;3926
1811;6158;Vionnaz;2095
1812;6159;Vouvry;3351
1813;616;Münsingen;1577
1814;617;Niederhünigen;542
1815;6172;Bister;581
1816;6173;Bitsch;579
1817;6177;Grengiols;5852
1818;6181;Riederalp;1909
1819;619;Oberdiessbach;1647
1820;6191;Ausserberg;1501
1821;6192;Blatten;9051
1822;6193;Bürchen;1342
1823;6194;Eischoll;1409
1824;6195;Ferden;2792
1825;6197;Kippel;1168
1826;6198;Niedergesteln;1763
1827;6199;Raron;3037
1828;62;Kloten;1927
1829;620;Oberthal;1054
1830;6201;Unterbäch;2208
1831;6202;Wiler (Lötschen);1487
1832;6203;Mörel-Filet;855
1833;6204;Steg-Hohtenn;1403
1834;6205;Bettmeralp;2879
1835;6211;Collonges;1221
1836;6212;Dorénaz;1258
1837;6213;Evionnaz;4808
1838;6214;Finhaut;2282
1839;6215;Massongex;664
1840;6217;Saint-Maurice;1492
1841;6218;Salvan;5346
1842;6219;Vernayaz;559
1843;622;Oppligen;340
1844;6220;Vérossaz;1429
1845;623;Rubigen;692
1846;6232;Chalais;2434
1847;6235;Chippis;197
1848;6238;Grône;2072
1849;6239;Icogne;2482
1850;6240;Lens;1398
1851;6241;Miège;256
1852;6246;Saint-Léonard;388
1853;6248;Sierre;1913
1854;6249;Venthône;250
1855;6250;Veyras;144
1856;6252;Anniviers;24337
1857;6253;Crans-Montana;5966
1858;626;Walkringen;1721
1859;6261;Arbaz;1923
1860;6263;Grimisuat;445
1861;6265;Savièse;7098
1862;6266;Sion;3486
1863;6267;Veysonnaz;114
1864;627;Worb;2108
1865;628;Zäziwil;541
1866;6281;Baltschieder;3134
1867;6282;Eisten;3800
1868;6283;Embd;1339
1869;6285;Grächen;1427
1870;6286;Lalden;130
1871;6287;Randa;5453
1872;6288;Saas-Almagell;11044
1873;6289;Saas-Balen;3024
1874;629;Oberhünigen;602
1875;6290;Saas-Fee;4031
1876;6291;Saas-Grund;2478
1877;6292;St. Niklaus;8924
1878;6293;Stalden (VS);1051
1879;6294;Staldenried;1427
1880;6295;Täsch;5872
1881;6296;Törbel;1756
1882;6297;Visp;1320
1883;6298;Visperterminen;5163
1884;6299;Zeneggen;756
1885;63;Lufingen;518
1886;630;Allmendingen;381
1887;6300;Zermatt;24291
1888;632;Wichtrach;1160
1889;64;Nürensdorf;1004
1890;6404;Boudry;1676
1891;6407;Corcelles-Cormondrèche;485
1892;6408;Cortaillod;368
1893;6412;Peseux;341
1894;6413;Rochefort;2585
1895;6416;Milvignes;879
1896;6417;La Grande-Béroche;4214
1897;6421;La Chaux-de-Fonds;5571
1898;6422;Les Planchettes;1173
1899;6423;La Sagne;2555
1900;6431;Les Brenets;1153
1901;6432;La Brévine;4181
1902;6433;Brot-Plamboz;1609
1903;6434;Le Cerneux-Péquignot;1570
1904;6435;La Chaux-du-Milieu;1731
1905;6436;Le Locle;2313
1906;6437;Les Ponts-de-Martel;1817
1907;6451;Cornaux;473
1908;6452;Cressier (NE);857
1909;6453;Enges;958
1910;6454;Hauterive (NE);213
1911;6455;Le Landeron;1028
1912;6456;Lignières;1252
1913;6458;Neuchâtel;1806
1914;6459;Saint-Blaise;886
1915;6461;La Tène;529
1916;6485;Valangin;376
1917;6487;Val-de-Ruz;12431
1918;65;Oberembrach;1026
1919;6504;La Côte-aux-Fées;1283
1920;6511;Les Verrières;2887
1921;6512;Val-de-Travers;12474
1922;66;Opfikon;559
1923;6601;Aire-la-Ville;293
1924;6602;Anières;385
1925;6603;Avully;462
1926;6604;Avusy;517
1927;6605;Bardonnex;500
1928;6606;Bellevue;436
1929;6607;Bernex;1295
1930;6608;Carouge (GE);270
1931;6609;Cartigny;438
1932;661;Clavaleyres;100
1933;6610;Céligny;466
1934;6611;Chancy;538
1935;6612;Chêne-Bougeries;414
1936;6613;Chêne-Bourg;128
1937;6614;Choulex;391
1938;6615;Collex-Bossy;689
1939;6616;Collonge-Bellerive;612
1940;6617;Cologny;365
1941;6618;Confignon;277
1942;6619;Corsier (GE);274
1943;662;Ferenbalm;913
1944;6620;Dardagny;860
1945;6621;Genève;1593
1946;6622;Genthod;287
1947;6623;Le Grand-Saconnex;438
1948;6624;Gy;329
1949;6625;Hermance;144
1950;6626;Jussy;1135
1951;6627;Laconnex;383
1952;6628;Lancy;477
1953;6629;Meinier;695
1954;663;Frauenkappelen;929
1955;6630;Meyrin;994
1956;6631;Onex;281
1957;6632;Perly-Certoux;254
1958;6633;Plan-les-Ouates;585
1959;6634;Pregny-Chambésy;324
1960;6635;Presinge;471
1961;6636;Puplinge;267
1962;6637;Russin;491
1963;6638;Satigny;1892
1964;6639;Soral;294
1965;6640;Thônex;382
1966;6641;Troinex;343
1967;6642;Vandoeuvres;442
1968;6643;Vernier;769
1969;6644;Versoix;1050
1970;6645;Veyrier;650
1971;665;Gurbrü;186
1972;666;Kriechenwil;477
1973;667;Laupen;414
1974;668;Mühleberg;2626
1975;669;Münchenwiler;248
1976;67;Rafz;1068
1977;670;Neuenegg;2183
1978;6702;Boécourt;1235
1979;6703;Bourrignon;1355
1980;6704;Châtillon (JU);531
1981;6706;Courchapoix;639
1982;6708;Courrendlin;2155
1983;6709;Courroux;1974
1984;671;Wileroltigen;415
1985;6710;Courtételle;1356
1986;6711;Delémont;2197
1987;6712;Develier;1247
1988;6713;Ederswiler;331
1989;6715;Mervelier;974
1990;6716;Mettembert;234
1991;6718;Movelier;808
1992;6719;Pleigne;1784
1993;6721;Rossemaison;189
1994;6722;Saulcy;786
1995;6724;Soyhières;750
1996;6729;Haute-Sorne;7104
1997;6730;Val Terbi;4669
1998;6741;Le Bémont (JU);1168
1999;6742;Les Bois;2471
2000;6743;Les Breuleux;1082
2001;6744;La Chaux-des-Breuleux;405
2002;6745;Les Enfers;712
2003;6748;Les Genevez (JU);1363
2004;6750;Lajoux (JU);1238
2005;6751;Montfaucon;1825
2006;6753;Muriaux;1688
2007;6754;Le Noirmont;2039
2008;6757;Saignelégier;3167
2009;6758;Saint-Brais;1516
2010;6759;Soubey;1349
2011;6771;Alle;1060
2012;6773;Beurnevésin;509
2013;6774;Boncourt;902
2014;6775;Bonfol;1358
2015;6778;Bure;1368
2016;6781;Coeuve;1162
2017;6782;Cornol;1045
2018;6783;Courchavon;619
2019;6784;Courgenay;1844
2020;6785;Courtedoux;822
2021;6787;Damphreux;567
2022;6789;Fahy;778
2023;6790;Fontenais;1999
2024;6792;Grandfontaine;897
2025;6793;Lugnez;510
2026;68;Rorbas;444
2027;6800;Porrentruy;1476
2028;6806;Vendlincourt;915
2029;6807;Basse-Allaine;2304
2030;6808;Clos du Doubs;6175
2031;6809;Haute-Ajoie;4093
2032;681;Belprahon;382
2033;6810;La Baroche;3107
2034;683;Champoz;717
2035;687;Corcelles (BE);679
2036;69;Wallisellen;642
2037;690;Court;2461
2038;691;Crémines;948
2039;692;Eschert;658
2040;694;Grandval;825
2041;696;Loveresse;469
2042;7;Knonau;647
2043;70;Wasterkingen;396
2044;700;Moutier;1961
2045;701;Perrefitte;857
2046;703;Reconvilier;825
2047;704;Roches (BE);906
2048;706;Saicourt;1377
2049;707;Saules (BE);428
2050;708;Schelten;556
2051;709;Seehof;842
2052;71;Wil (ZH);894
2053;711;Sorvilier;690
2054;713;Tavannes;1478
2055;715;Rebévelier;355
2056;716;Petit-Val;2390
2057;717;Valbirse;1868
2058;72;Winkel;811
2059;723;La Neuveville;678
2060;724;Nods;2661
2061;726;Plateau de Diesse;2555
2062;731;Aegerten;216
2063;732;Bellmund;379
2064;733;Brügg;500
2065;734;Bühl;297
2066;735;Epsach;341
2067;736;Hagneck;184
2068;737;Hermrigen;342
2069;738;Jens;458
2070;739;Ipsach;190
2071;740;Ligerz;179
2072;741;Merzligen;230
2073;742;Mörigen;216
2074;743;Nidau;152
2075;744;Orpund;397
2076;745;Port;246
2077;746;Safnern;562
2078;747;Scheuren;211
2079;748;Schwadernau;415
2080;749;Studen (BE);273
2081;750;Sutz-Lattrigen;357
2082;751;Täuffelen;437
2083;754;Walperswil;696
2084;755;Worben;276
2085;756;Twann-Tüscherz;1233
2086;761;Därstetten;3284
2087;762;Diemtigen;12994
2088;763;Erlenbach im Simmental;3669
2089;766;Oberwil im Simmental;4606
2090;767;Reutigen;1129
2091;768;Spiez;1670
2092;769;Wimmis;2235
2093;770;Stocken-Höfen;1422
2094;782;Guttannen;20085
2095;783;Hasliberg;4174
2096;784;Innertkirchen;23659
2097;785;Meiringen;4063
2098;786;Schattenhalb;3154
2099;791;Boltigen;7707
2100;792;Lenk;12296
2101;793;St. Stephan;6089
2102;794;Zweisimmen;7300
2103;8;Maschwanden;469
2104;81;Bachs;913
2105;82;Boppelsen;396
2106;83;Buchs (ZH);584
2107;84;Dällikon;451
2108;841;Gsteig;6241
2109;842;Lauenen;5849
2110;843;Saanen;12006
2111;85;Dänikon;287
2112;852;Guggisberg;5491
2113;853;Rüschegg;5730
2114;855;Schwarzenburg;4480
2115;86;Dielsdorf;587
2116;861;Belp;2326
2117;863;Burgistein;752
2118;866;Gerzensee;781
2119;867;Gurzelen;452
2120;868;Jaberg;131
2121;869;Kaufdorf;206
2122;87;Hüttikon;159
2123;870;Kehrsatz;444
2124;872;Kirchdorf (BE);1462
2125;873;Kirchenthurnen;123
2126;874;Lohnstorf;179
2127;876;Mühlethurnen;293
2128;877;Niedermuhlern;726
2129;879;Riggisberg;2984
2130;88;Neerach;604
2131;880;Rüeggisberg;3581
2132;881;Rümligen;466
2133;883;Seftigen;389
2134;884;Toffen;488
2135;885;Uttigen;381
2136;886;Wattenwil;1454
2137;888;Wald (BE);1330
2138;89;Niederglatt;360
2139;9;Mettmenstetten;1303
2140;90;Niederhasli;1130
2141;901;Eggiwil;6030
2142;902;Langnau im Emmental;4836
2143;903;Lauperswil;2119
2144;904;Röthenbach im Emmental;3680
2145;905;Rüderswil;1721
2146;906;Schangnau;3648
2147;907;Signau;2213
2148;908;Trub;6199
2149;909;Trubschachen;1565
2150;91;Niederweningen;685
2151;92;Oberglatt;825
2152;921;Amsoldingen;471
2153;922;Blumenstein;1552
2154;923;Buchholterberg;1533
2155;924;Eriz;2178
2156;925;Fahrni;668
2157;927;Heiligenschwendi;555
2158;928;Heimberg;544
2159;929;Hilterfingen;281
2160;93;Oberweningen;494
2161;931;Homberg;651
2162;932;Horrenbach-Buchen;2040
2163;934;Oberhofen am Thunersee;271
2164;935;Oberlangenegg;916
2165;936;Pohlern;987
2166;937;Schwendibach;149
2167;938;Sigriswil;5541
2168;939;Steffisburg;1332
2169;94;Otelfingen;715
2170;940;Teuffenthal (BE);453
2171;941;Thierachern;753
2172;942;Thun;2157
2173;943;Uebeschi;442
2174;944;Uetendorf;1017
2175;945;Unterlangenegg;680
2176;946;Wachseldorn;351
2177;947;Zwieselberg;246
2178;948;Forst-Längenbühl;450
2179;95;Regensberg;237
2180;951;Affoltern im Emmental;1151
2181;952;Dürrenroth;1413
2182;953;Eriswil;1134
2183;954;Huttwil;1724
2184;955;Lützelflüh;2687
2185;956;Rüegsau;1506
2186;957;Sumiswald;5934
2187;958;Trachselwald;1596
2188;959;Walterswil (BE);787
2189;96;Regensdorf;1462
2190;960;Wyssachen;1169
2191;97;Rümlang;1241
2192;971;Attiswil;765
2193;972;Berken;139
2194;973;Bettenhausen;394
2195;975;Farnern;368
2196;976;Graben;316
2197;977;Heimenhausen;584
2198;979;Herzogenbuchsee;982
2199;98;Schleinikon;568
2200;980;Inkwil;338
2201;981;Niederbipp;1731
2202;982;Niederönz;279
2203;983;Oberbipp;845
2204;985;Ochlenberg;1212
2205;987;Rumisberg;514
2206;988;Seeberg;1680
2207;989;Thörigen;455
2208;99;Schöfflisdorf;401
2209;990;Walliswil bei Niederbipp;147
2210;991;Walliswil bei Wangen;307
2211;992;Wangen an der Aare;522
2212;993;Wangenried;291
2213;995;Wiedlisbach;750
2214;996;Wolfisberg;246